<?xml version="1.0" encoding="UTF-8"?>
<project-private xmlns="http://www.netbeans.org/ns/project-private/1">
    <editor-bookmarks xmlns="http://www.netbeans.org/ns/editor-bookmarks/2" lastBookmarkId="0"/>
    <open-files xmlns="http://www.netbeans.org/ns/projectui-open-files/2">
        <group>
            <file>file:/C:/Users/agos1/OneDrive/Escritorio/Mision%20tic%202022/FP/ciclo%202/Semana%201/Reto/Personas/src/Clases/clspersonas.java</file>
            <file>file:/C:/Users/agos1/OneDrive/Escritorio/Mision%20tic%202022/FP/ciclo%202/Semana%201/Reto/Personas/src/personas/Personas.java</file>
        </group>
    </open-files>
</project-private>
